Noise Level,Quantum Accuracy,Classical Accuracy
0.0,0.53,0.975
0.05,0.53,0.975
0.1,0.485,0.975
0.15,0.5599999999999999,0.975
0.2,0.45999999999999996,0.975
